Pallets;Materials;Quantity
WARD EELEN 950 x 950 aangepast;950 x 98 x 17 ;11
WARD EELEN 950 x 950 aangepast;Balk 950 x 30 x 90;3
ALPHA / ARTIMPEX 820 x 620 HT ISPM 15 ;HT/KD 800 x 98 x 17 ;6
ALPHA / ARTIMPEX 820 x 620 HT ISPM 15 ;balk 620 x 73 x 93;2
Aubvoye 1140 x 1140 HT ISPM 15 (18 hoog);1140 x 98 x 24;18
Aubvoye 1140 x 1140 HT ISPM 15 (18 hoog);balk 1140 x 90 x 74;3
BARRY CALLEBAUT 1220 x 1015 HT/KD ISPM 15 (22 hoog);HT/KD Balk met poortjes 1220 x 35 x 95;3
BARRY CALLEBAUT 1220 x 1015 HT/KD ISPM 15 (22 hoog);HT/KD 1015 x 75 x 16;8
BARRY CALLEBAUT 1220 x 1015 HT/KD ISPM 15 (22 hoog);HT/KD 1015 x 100 x 16;8
CITRIQUE 1140 x 1140 HT/KD ISPM 15 (Coke);balk 1140 x 38 x 90;4
CITRIQUE 1140 x 1140 HT/KD ISPM 15 (Coke);HT/KD 1140 x 75 x 17;6
CITRIQUE 1140 x 1140 HT/KD ISPM 15 (Coke);HT/KD 1140 x 98 x 17 ;9
DDB 1485 x 1200 Licht (22 hoog);balk 1200 x 75 x 35;3
DDB 1485 x 1200 Licht (22 hoog);1485 x 95 x 21;3
DDB 1485 x 1200 Licht (22 hoog);1485 x 95 x 17;7
DDB 1485 x 1200 Zwaar (22 hoog);1485 x 95 x 21;12
DDB 1485 x 1200 Zwaar (22 hoog);balk 1200 x 75 x 35;4
EASTMAN VATEN 1145 x 1145 HT/KD ISPM 15 (21 hoog);balk 1145 x 95 x 50;1
EASTMAN VATEN 1145 x 1145 HT/KD ISPM 15 (21 hoog);balk 1145 x 95 x 35 ;2
EASTMAN VATEN 1145 x 1145 HT/KD ISPM 15 (21 hoog);1140 x 133 x 17 ;4
EASTMAN VATEN 1145 x 1145 HT/KD ISPM 15 (21 hoog);1140 x 78 x 17 ;10
Fuchs Oils (81912) 1160 x 1140  (22 Hoog);1160 x 95 x 17;10
Fuchs Oils (81912) 1160 x 1140  (22 Hoog);balk 1140 x 45 x 90;3
GOUDA 1100 x 800 HT ISPM 15 (Genest 42 hoog);Balk 800 x 65 x 95;3
GOUDA 1100 x 800 HT ISPM 15 (Genest 42 hoog);1100 x 98 x 22;6
GOUDA 1100 x 950 HT ISPM 15 (24 hoog);balk 950 x 65 x 95;3
GOUDA 1100 x 950 HT ISPM 15 (24 hoog);PRS4 1100 x 98 x 22 ;6
Gouda 1150 x 1040 HT ISPM 15;balk 1150 x 75 x 95;3
Gouda 1150 x 1040 HT ISPM 15;1040 x 98 x 22;14
Gouda 1250 x 1100 HT Geel;balk 1250 x 75 x 95 GV;3
Gouda 1250 x 1100 HT Geel;1100 x 98 x 20 ;15
GOUDA 1300 x 1120 HT ISPM 15;1120 x 100 x 22;15
GOUDA 1300 x 1120 HT ISPM 15;balk 1300 x 75 x 95 GV;3
GOUDA 1300 x 1150 HT ISPM 15;balk 1300 x 75 x 95 GV;3
GOUDA 1300 x 1150 HT ISPM 15;1150 x 95 x 21;15
GOUDA 1300 x 1170 HT ISPM 15;balk 1300 x 75 x 95 GV;3
GOUDA 1300 x 1170 HT ISPM 15;1170 x 98 x 21;15
GOUDA 1300 x 1370 HT ISPM 15;1370 x 98 x 21;15
GOUDA 1300 x 1370 HT ISPM 15;balk 1300 x 75 x 95 GV;3
Gouda 1300 x 550 22 hoog;1300 x 135 x 20;4
Gouda 1300 x 550 22 hoog;balk 550 x 70 x 90;3
Gouda 1300 x 550 I (72 hoog);Gouda 1300 x 550 23 hoog I;1
GOUDA 1400 x 920 HT ISPM 15;920 x 98 x 21;16
GOUDA 1400 x 920 HT ISPM 15;balk 1400 x 70 x 95;3
GOUDA 1470 x 940 HT ISPM 15;940 x 98 x 21;17
GOUDA 1470 x 940 HT ISPM 15;balk 1470 x 75 x 95 GV;3
JBF 1000 x 1000 HT/KD ISPM 15 (GESTRAPT + GENEST) 49 PALLETS;HT/KD Balk 1000 x 38 x 68;3
JBF 1000 x 1000 HT/KD ISPM 15 (GESTRAPT + GENEST) 49 PALLETS;HT/KD 1000 x 98 x 19 ;6
KOSTEN 1260 x 840 HT/KD ISPM 15 (PEFC STEMPEL);HT/KD 1260 x 100 x 16;6
KOSTEN 1260 x 840 HT/KD ISPM 15 (PEFC STEMPEL);balk 840 x 55 x 75;4
MOUTERIJ 1100 x 1100 HT ISPM 15  (25 hoog);balk 1100 x 45 x 70;3
MOUTERIJ 1100 x 1100 HT ISPM 15  (25 hoog);PRS4 1100 x 98 x 22 ;14
Rosier 1100 x 1100 HT ISPM 15 (21 hoog) NAT/GROENE BALKEN;1100 x 98 x 17 ;14
Rosier 1100 x 1100 HT ISPM 15 (21 hoog) NAT/GROENE BALKEN;balk 1100 x 93 x 40;3
Rosier 1100 x 1100 HT/KD ISPM 15 (21 hoog) DROOG;HT/KD Balk 1100 x 93 x 40;3
Rosier 1100 x 1100 HT/KD ISPM 15 (21 hoog) DROOG;HT/KD 1100 x 98 x 17 ;14
ROSIER 1400 x 1150 25 HOOG;1400 x 98 x 17 ;15
ROSIER 1400 x 1150 25 HOOG;balk 1150 x 90 x 35 ;4
ROSIER 1400 x 1150 HT ISPM 15 25 HOOG;1400 x 98 x 17 ;15
ROSIER 1400 x 1150 HT ISPM 15 25 HOOG;balk 1150 x 90 x 35 ;4
Sacamat 1200 x 1000 (25 hoog);1200 x 110 x 17;14
Sacamat 1200 x 1000 (25 hoog);balk 1000 x 45 x 85;3
SADACI 1000 x 1000 HT 22 hoog;balk 1000 x 45 x 85;3
SADACI 1000 x 1000 HT 22 hoog;1000 x 98 x 20 ;12
SADACI 1000 x 1000 HT MET POORTJES;1000 x 98 x 20 ;12
SADACI 1000 x 1000 HT MET POORTJES;balk 1000 x 48 x 98 met poortjes;3
SADACI 900 x 900 HT ISPM 15 (22 hoog);balk 900 x 40 x 90;3
SADACI 900 x 900 HT ISPM 15 (22 hoog);900 x 98 x 17 ;12
SADACI 960 x 960 HT ISPM 15 (22 hoog);960 x 98 x 21;12
SADACI 960 x 960 HT ISPM 15 (22 hoog);balk 960 x 90 x 40;3
UMICORE 1000 x 1000 HT/KD ISPM 15 20 Hoog (hoeken eraf);balk 1000 x 48 x 98 met poortjes;3
UMICORE 1000 x 1000 HT/KD ISPM 15 20 Hoog (hoeken eraf);HT/KD 1000 x 98 x 19 ;14
UMICORE ANDRIES (zonder Stempel 20 hoog);HT/KD 1000 x 98 x 19 ;14
UMICORE ANDRIES (zonder Stempel 20 hoog);balk 1000 x 48 x 98 met poortjes;3
URSA 1200 x 1170 (24 hoog, Groene markering);balk 1170 x 30 x 90;3
URSA 1200 x 1170 (24 hoog, Groene markering);1200 x 73 x 14 ;6
URSA 1200 x 1170 (24 hoog, Groene markering);1200 x 78 x 17 ;3
WARD EELEN 1000 x 950 aangepast;1000 x 98 x 17 ;11
WARD EELEN 1000 x 950 aangepast;Balk 950 x 30 x 90;3
WARD EELEN 1100 x 1100 (25 hoog);balk 1100 x 95 x 53;3
WARD EELEN 1100 x 1100 (25 hoog);1100 x 98 x 17 ;7
Ward Eelen 1100 x 950 HT ISPM 15 (25 hoog);1100 x 98 x 17 ;7
Ward Eelen 1100 x 950 HT ISPM 15 (25 hoog);balk 950 x 60 x 90;3
WARD EELEN 1200 x 650;balk 650 x 46 x 63;3
WARD EELEN 1200 x 650;1200 x 78 x 17 ;7
Ward Eelen 1250 x 650 HT (26 hoog);balk 650 x 46 x 63;3
Ward Eelen 1250 x 650 HT (26 hoog);1250 x 75 x 17;7
XELLA  1200 x 1000 (24 hoog);balk 1000 x 55 x 85;3
XELLA  1200 x 1000 (24 hoog);1200 x 98 x 25;7
XELLA 1000 x 900 (22 hoog);1000 x 90 x 20;18
XELLA 1000 x 900 (22 hoog);balk 900 x 100 x 80;3
XELLA YTONG 1200 x 1000 (24 hoog);1200 x 98 x 25;7
XELLA YTONG 1200 x 1000 (24 hoog);Balk 990 x 85 x 55;3
A&R 1200 x 1000 HT/KD ISPM 15 (19 Hoog EKA);HT/KD 1200 x 100 x 22 BC;3
A&R 1200 x 1000 HT/KD ISPM 15 (19 Hoog EKA);HT/KD 1000 x 100 x 22 BC;3
A&R 1200 x 1000 HT/KD ISPM 15 (19 Hoog EKA);HT/KD 1200 x 75 x 20 ;9
A&R 1200 x 1000 HT/KD ISPM 15 (19 Hoog EKA);spaan 95 x 95 x 78;9
Aalter Expo 2000x1000             ;HT/KD 1000 x 98 x 19 ;3
Aalter Expo 2000x1000             ;2000 x 100 x 16;5
Aalter Expo 2000x1000             ;klos 75 x 95 x 95;9
ARCELOR MITTAL 1200 x 1000 (20 HOOG);spaan 95 x 95 x 78;9
ARCELOR MITTAL 1200 x 1000 (20 HOOG);1200 x 98 x 17 ;10
ARCELOR MITTAL 1200 x 1000 (20 HOOG);1000 x 98 x 20 ;3
ARTECO 1200 X 1000 21 hoog;1000 x 98 x 20 ;3
ARTECO 1200 X 1000 21 hoog;1200 x 98 x 20 ;5
ARTECO 1200 X 1000 21 hoog;1200 x 75 x 21 ;4
ARTECO 1200 X 1000 21 hoog;spaan 90 x 135 x 78;6
ARTECO 1200 X 1000 21 hoog;spaan 90 x 90 x 78;3
ARTECO 1200 X 1000 21 hoog;HT/KD 800 x 98 x 20;3
ARTECO 1200 x 1000 HT ISPM 15 (20 hoog);spaan 90 x 90 x 78;3
ARTECO 1200 x 1000 HT ISPM 15 (20 hoog);spaan 90 x 135 x 78;6
ARTECO 1200 x 1000 HT ISPM 15 (20 hoog);HT/KD 800 x 98 x 20;3
ARTECO 1200 x 1000 HT ISPM 15 (20 hoog);1200 x 75 x 21 ;4
ARTECO 1200 x 1000 HT ISPM 15 (20 hoog);1200 x 98 x 20 ;5
ARTECO 1200 x 1000 HT ISPM 15 (20 hoog);1000 x 98 x 20 ;3
ARTECO 1200 x 1200 ZWAAR HT ISPM15 (010) 20 HOOG;1200 x 143 x 21 ;9
ARTECO 1200 x 1200 ZWAAR HT ISPM15 (010) 20 HOOG;1200 x 98 x 21 INC;3
ARTECO 1200 x 1200 ZWAAR HT ISPM15 (010) 20 HOOG;spaan 145 x 100 x 78;9
ARTECO 1200 x 1200 ZWAAR HT ISPM15 (010) 20 HOOG;1000 x 98 x 22;3
ARTECO 1200 x 600 18 HT HOOG MAXIMAAL ;600 x 95 x 22;3
ARTECO 1200 x 600 18 HT HOOG MAXIMAAL ;1200 x 98 x 21 INC;6
ARTECO 1200 x 600 18 HT HOOG MAXIMAAL ;spaan 95 x 95 x 78;9
ARTECO 1200 x 600 18 HT HOOG MAXIMAAL ;1200 x 75 x 21 ;2
ARTOIS 1140 x 800 HT ISPM 15 (22 hoog);1140 x 98 x 17 ;3
ARTOIS 1140 x 800 HT ISPM 15 (22 hoog);800 x 98 x 21;3
ARTOIS 1140 x 800 HT ISPM 15 (22 hoog);spaan 95 x 95 x 78;9
ARTOIS 1140 x 800 HT ISPM 15 (22 hoog);1140 x 78 x 17 ;7
ARTOIS PC 1200 x 1000 (22 hoog) met stempel;1000 x 98 x 20 ;3
ARTOIS PC 1200 x 1000 (22 hoog) met stempel;1200 x 98 x 20 ;3
ARTOIS PC 1200 x 1000 (22 hoog) met stempel;1200 x 78 x 17 ;7
ARTOIS PC 1200 x 1000 (22 hoog) met stempel;spaan 95 x 95 x 78;9
ARTOIS PC 1200 x 1000 (22 hoog) Zonder Stempel;spaan 95 x 95 x 78;9
ARTOIS PC 1200 x 1000 (22 hoog) Zonder Stempel;1000 x 98 x 20 ;3
ARTOIS PC 1200 x 1000 (22 hoog) Zonder Stempel;1200 x 78 x 17 ;7
ARTOIS PC 1200 x 1000 (22 hoog) Zonder Stempel;1200 x 98 x 20 ;3
ARTOIS SFK 1200 x 1100 (21 hoog);1200 x 98 x 17 ;6
ARTOIS SFK 1200 x 1100 (21 hoog);PRS 1100 x 100 x 16;8
ARTOIS SFK 1200 x 1100 (21 hoog);spaan 90 x 90 x 90;9
ARTOIS SFK 1200 x 1200 (21 hoog);spaan 90 x 90 x 90;9
ARTOIS SFK 1200 x 1200 (21 hoog);1200 x 98 x 17 ;14
ARTOIS SFK 1400 x 1000 Cape 5 (20 hoog);1000 x 98 x 17 ;7
ARTOIS SFK 1400 x 1000 Cape 5 (20 hoog);1400 x 98 x 17 ;6
ARTOIS SFK 1400 x 1000 Cape 5 (20 hoog);spaan 90 x 90 x 90;9
AVEVE 1300 X 1100 KD gedroogd ;1100 x 145 x 23;3
AVEVE 1300 X 1100 KD gedroogd ;1300 x 143 x 23;3
AVEVE 1300 X 1100 KD gedroogd ;spaan 145 x 145 x 78;9
AVEVE 1300 X 1100 KD gedroogd ;1100 x 98 x 17 ;9
BARRY CALLEBAUT (0898) 1120 x 930 ISPM 15 KD/HT 14 HOOG GESTRAPT (AFGESCHUINDE HOEKEN);HT/KD 1120 x 98 x 17 ;10
BARRY CALLEBAUT (0898) 1120 x 930 ISPM 15 KD/HT 14 HOOG GESTRAPT (AFGESCHUINDE HOEKEN);spaan 95 x 95 x 78;9
BARRY CALLEBAUT (0898) 1120 x 930 ISPM 15 KD/HT 14 HOOG GESTRAPT (AFGESCHUINDE HOEKEN);HT/KD 930 x 98 x 19;3
BARRY CALLEBAUT (5085) 1140 x 1140 ISPM 15 KD/HT 14 HOOG GESTRAPT (AFGESCHUINDE HOEKEN;spaan 95 x 95 x 78;9
BARRY CALLEBAUT (5085) 1140 x 1140 ISPM 15 KD/HT 14 HOOG GESTRAPT (AFGESCHUINDE HOEKEN;HT/KD 1140 x 98 x 19 ;15
BARRY CALLEBAUT (9500) 1200 x 1000 ISPM15 KD/HT 14 hoog GESTRAPT (AFGESCHUINDE HOEKEN 22mm);spaan 95 x 95 x 78;9
BARRY CALLEBAUT (9500) 1200 x 1000 ISPM15 KD/HT 14 hoog GESTRAPT (AFGESCHUINDE HOEKEN 22mm);HT/KD 1200 x 100 x 22 BC;10
BARRY CALLEBAUT (9500) 1200 x 1000 ISPM15 KD/HT 14 hoog GESTRAPT (AFGESCHUINDE HOEKEN 22mm);HT/KD 1000 x 100 x 22 BC;3
BARRY CALLEBAUT (9500) 1200 x 1000 ISPM15 KD/HT 19 hoog  (AFGESCHUINDE HOEKEN 22mm);HT/KD 1200 x 100 x 22 BC;10
BARRY CALLEBAUT (9500) 1200 x 1000 ISPM15 KD/HT 19 hoog  (AFGESCHUINDE HOEKEN 22mm);HT/KD 1000 x 100 x 22 BC;3
BARRY CALLEBAUT (9500) 1200 x 1000 ISPM15 KD/HT 19 hoog  (AFGESCHUINDE HOEKEN 22mm);spaan 95 x 95 x 78;9
BARRY CALLEBAUT (9501) 1120 x 900 ISPM 15 KD/HT 14 HOOG GESTRAPT (AFGESCHUINDE HOEKEN);spaan 95 x 95 x 78;9
BARRY CALLEBAUT (9501) 1120 x 900 ISPM 15 KD/HT 14 HOOG GESTRAPT (AFGESCHUINDE HOEKEN);HT/KD 1120 x 98 x 17 ;10
BARRY CALLEBAUT (9501) 1120 x 900 ISPM 15 KD/HT 14 HOOG GESTRAPT (AFGESCHUINDE HOEKEN);HT/KD 900 x 98 x 22 ;3
BARRY CALLEBAUT (9508) 1120 x 800 ISPM 15 HT/KD 14 HOOG  GESTRAPT (AFGESCHUINDE HOEKEN);HT/KD 1120 x 98 x 17 ;9
BARRY CALLEBAUT (9508) 1120 x 800 ISPM 15 HT/KD 14 HOOG  GESTRAPT (AFGESCHUINDE HOEKEN);spaan 95 x 95 x 78;9
BARRY CALLEBAUT (9508) 1120 x 800 ISPM 15 HT/KD 14 HOOG  GESTRAPT (AFGESCHUINDE HOEKEN);HT/KD 800 x 98 x 20;3
BARRY CALLEBAUT 1200 x 800 EKA ISPM 15 HT/KD  (ONGENEST) FRANKRIJK  (20 Hoog);HT/KD 1200 x 75 x 20 ;3
BARRY CALLEBAUT 1200 x 800 EKA ISPM 15 HT/KD  (ONGENEST) FRANKRIJK  (20 Hoog);HT/KD 800 x 98 x 20;3
BARRY CALLEBAUT 1200 x 800 EKA ISPM 15 HT/KD  (ONGENEST) FRANKRIJK  (20 Hoog);spaan 75 x 95 x 78;9
BARRY CALLEBAUT 1200 x 800 EKA ISPM 15 HT/KD  (ONGENEST) FRANKRIJK  (20 Hoog);HT/KD 1200 x 74 x 17 ;7
BARRY CALLEBAUT 1200 x 800 EKA ISPM 15 HT/KD 14 HOOG GESTRAPT;HT/KD 1200 x 74 x 17 ;7
BARRY CALLEBAUT 1200 x 800 EKA ISPM 15 HT/KD 14 HOOG GESTRAPT;spaan 75 x 95 x 78;9
BARRY CALLEBAUT 1200 x 800 EKA ISPM 15 HT/KD 14 HOOG GESTRAPT;HT/KD 800 x 98 x 20;3
BARRY CALLEBAUT 1200 x 800 EKA ISPM 15 HT/KD 14 HOOG GESTRAPT;HT/KD 1200 x 75 x 20 ;3
BARRY CALLEBAUT 600 x 800  HT/KD (14 HOOG GESTRAPT);HT/KD 800 x 75 x 17;6
BARRY CALLEBAUT 600 x 800  HT/KD (14 HOOG GESTRAPT);HT/KD 600 x 75 x 19;6
BARRY CALLEBAUT 600 x 800  HT/KD (14 HOOG GESTRAPT);spaan 75 x 75 x 78;6
BRACKE 1200 x 800 HT/KD ISPM 15;HT/KD 1200 x 100 x 20 ;11
BRACKE 1200 x 800 HT/KD ISPM 15;klos 95 x 135 x 90;9
BRACKE 1200 x 800 HT/KD ISPM 15;HT/KD 800 x 98 x 20;3
BRACKE 600 x 700;HT/KD 700 x 98 x 19;5
BRACKE 600 x 700;balk 600 x 50 x 100;3
BROOM 116 x 116 HT/KD (18 hoog);HT/KD 1160 x 75 x 20;4
BROOM 116 x 116 HT/KD (18 hoog);HT/KD 1160 x 98 x 20;5
BROOM 116 x 116 HT/KD (18 hoog);HT/KD 1160 x 123 x 20;3
BROOM 116 x 116 HT/KD (18 hoog);spaan 90 x 135 x 78;9
BROOM 116 x 116 HT/KD (18 hoog);HT/KD 960 x 98 x 21 ;3
BROOM 120 x 1000 SPAANKLOS  ispm15 HT/KD 18 hoog;spaan 75 x 95 x 78;9
BROOM 120 x 1000 SPAANKLOS  ispm15 HT/KD 18 hoog;HT/KD 1200 x 100 x 20 ;1
BROOM 120 x 1000 SPAANKLOS  ispm15 HT/KD 18 hoog;HT/KD 1000 x 98 x 17 ;3
BROOM 120 x 1000 SPAANKLOS  ispm15 HT/KD 18 hoog;HT/KD 1000 x 74 x 17 ;8
BROOM 120 x 1000 SPAANKLOS  ispm15 HT/KD 18 hoog;HT/KD 1200 x 123 x 20;2
BROOM 120 x 1000 SPAANKLOS  ispm15 HT/KD 18 hoog;HT/KD 900 x 98 x 17;3
BROOM 120 x 1000 SPAANKLOS  ispm15 HT/KD 18 hoog;HT/KD 1160 x 98 x 17 ;3
BURBAN 1100 x 1100 HT ISPM 15 (import);Burban 1100 x 1100 HT import;1
CALDERYS 1200 x 1000 HT  (21 Hoog);spaan 90 x 90 x 78;3
CALDERYS 1200 x 1000 HT  (21 Hoog);spaan 90 x 135 x 78;6
CALDERYS 1200 x 1000 HT  (21 Hoog);1000 x 98 x 17 ;3
CALDERYS 1200 x 1000 HT  (21 Hoog);1000 x 98 x 20 ;5
CALDERYS 1200 x 1000 HT  (21 Hoog);1200 x 78 x 17 ;7
CAPPELLE 1200 x 1000 KD/HT ISPM 15 SPAANKLOS 19 HOOG;HT/KD 1000 x 74 x 17 ;1
CAPPELLE 1200 x 1000 KD/HT ISPM 15 SPAANKLOS 19 HOOG;HT/KD 1000 x 98 x 17 ;2
CAPPELLE 1200 x 1000 KD/HT ISPM 15 SPAANKLOS 19 HOOG;HT/KD 1200 x 74 x 17 ;4
CAPPELLE 1200 x 1000 KD/HT ISPM 15 SPAANKLOS 19 HOOG;HT/KD 1200 x 98 x 17 ;6
CAPPELLE 1200 x 1000 KD/HT ISPM 15 SPAANKLOS 19 HOOG;spaan 75 x 95 x 78;9
CARGILL 1200 x 1000 HT/KD (UPPA0020-002 TRINEO 18 hoog);HT/KD 1200 x 133 x 17 ;3
CARGILL 1200 x 1000 HT/KD (UPPA0020-002 TRINEO 18 hoog);HT/KD 1000 x 98 x 19 ;3
CARGILL 1200 x 1000 HT/KD (UPPA0020-002 TRINEO 18 hoog);HT/KD 1200 x 98 x 17 ;4
CARGILL 1200 x 1000 HT/KD (UPPA0020-002 TRINEO 18 hoog);HT/KD 1200 x 123 x 20;3
CARGILL 1200 x 1000 HT/KD (UPPA0020-002 TRINEO 18 hoog);spaan 90 x 135 x 78;9
CECA 1140 x 1140 HT ISPM 15 WINDDROOG (22 hoog);klos 120 x 75 x 75;9
CECA 1140 x 1140 HT ISPM 15 WINDDROOG (22 hoog);990 x 75 x 21;3
CECA 1140 x 1140 HT ISPM 15 WINDDROOG (22 hoog);1140 x 98 x 20 NAALD;11
CECA 1140 x 1140 HT ISPM 15 WINDDROOG (22 hoog);1140 x 78 x 21 ;2
CITRIQUE 1100 x 970 HT/KD ISPM 15 (18 hoog gestrapt);HT/KD 1100 x 98 x 21 ;2
CITRIQUE 1100 x 970 HT/KD ISPM 15 (18 hoog gestrapt);HT/KD 1100 x 98 x 17 ;7
CITRIQUE 1100 x 970 HT/KD ISPM 15 (18 hoog gestrapt);spaan 90 x 90 x 95;3
CITRIQUE 1100 x 970 HT/KD ISPM 15 (18 hoog gestrapt);spaan 90 x 135 x 95;6
CITRIQUE 1100 x 970 HT/KD ISPM 15 (18 hoog gestrapt);HT/KD 970 x 100 x 20;3
CITRIQUE 1100 x 970 HT/KD ISPM 15 (18 hoog gestrapt);HT/KD 770 x 100 x 20;3
CITRIQUE 1140 x 1140 HT/KD ISPM 15 (Pepsi 18 hoog);HT/KD 1140 x 100 x 22;2
CITRIQUE 1140 x 1140 HT/KD ISPM 15 (Pepsi 18 hoog);HT/KD 940 x 100 x 22;3
CITRIQUE 1140 x 1140 HT/KD ISPM 15 (Pepsi 18 hoog);HT/KD 1140 x 125 x 22;3
CITRIQUE 1140 x 1140 HT/KD ISPM 15 (Pepsi 18 hoog);spaan 90 x 135 x 95;6
CITRIQUE 1140 x 1140 HT/KD ISPM 15 (Pepsi 18 hoog);spaan 90 x 90 x 95;3
CITRIQUE 1140 x 1140 HT/KD ISPM 15 (Pepsi 18 hoog);HT/KD 1140 x 98 x 17 ;9
CITRIQUE DIN 1200 x 1000 HT/KD ISPM 15 (19 Hoog);spaan 145 x 145 x 78;9
CITRIQUE DIN 1200 x 1000 HT/KD ISPM 15 (19 Hoog);HT/KD 1000 x 143 x 21;3
CITRIQUE DIN 1200 x 1000 HT/KD ISPM 15 (19 Hoog);HT/KD 1200 x 143 x 22;6
CITRIQUE DIN 1200 x 1000 HT/KD ISPM 15 (19 Hoog);HT/KD 1200 x 100 x 22 BC;4
CITRIQUE POWDER 1200 x 1000 HT/KD ISPM 15 (20 hoog Gestrapt);HT/KD 1000 x 100 x 22 BC;3
CITRIQUE POWDER 1200 x 1000 HT/KD ISPM 15 (20 hoog Gestrapt);HT/KD 1200 x 133 x 17 ;3
CITRIQUE POWDER 1200 x 1000 HT/KD ISPM 15 (20 hoog Gestrapt);spaan 133 x 78 x 78;9
CITRIQUE POWDER 1200 x 1000 HT/KD ISPM 15 (20 hoog Gestrapt);HT/KD 1200 x 98 x 17 ;7
COMPO 1100 x 1100 HT 20 HOOG;1100 x 98 x 17 ;9
COMPO 1100 x 1100 HT 20 HOOG;1100 x 95 x 20 ;6
COMPO 1100 x 1100 HT 20 HOOG;spaan 90 x 90 x 90;9
COMPO 1100 x 950;900 x 98 x 17 Bent;3
COMPO 1100 x 950;spaan 95 x 95 x 90;9
COMPO 1100 x 950;950 x 98 x 17 ;3
COMPO 1100 x 950;1100 x 75 x 17 ;3
COMPO 1100 x 950;1100 x 98 x 17 ;8
COMPO 1300 x 1100 19 HOOG HT ISPM 15;1100 x 98 x 17 ;3
COMPO 1300 x 1100 19 HOOG HT ISPM 15;1200 x 98 x 17 ;3
COMPO 1300 x 1100 19 HOOG HT ISPM 15;PRS4 1300 x 80 x 18;4
COMPO 1300 x 1100 19 HOOG HT ISPM 15;klos 90 x 88 x 88;9
COMPO 1300 x 1100 19 HOOG HT ISPM 15;PRS4 1300 x 120 x 18;5
COMPO 1300 x 1100 19 HOOG HT ISPM 15;element 1000 x 92 x 34;3
COMPO 60 x 40 I;Compo 60 x 40 import;1
CORNING 1200 x 1000 HT KD (20 hoog);1200 x 78 x 17 ;7
CORNING 1200 x 1000 HT KD (20 hoog);1200 x 98 x 17 ;3
CORNING 1200 x 1000 HT KD (20 hoog);1000 x 98 x 17 ;2
CORNING 1200 x 1000 HT KD (20 hoog);1000 x 78 x 17 ;1
CORNING 1200 x 1000 HT KD (20 hoog);spaan 75 x 75 x 78;9
CORNING 1200 x 800 HT KD (20 hoog);spaan 75 x 75 x 78;9
CORNING 1200 x 800 HT KD (20 hoog);800 x 98 x 17;2
CORNING 1200 x 800 HT KD (20 hoog);1200 x 98 x 17 ;3
CORNING 1200 x 800 HT KD (20 hoog);1200 x 78 x 17 ;5
CORNING 1200 x 800 HT KD (20 hoog);800 x 78 x 17;1
CP 1 HT ISPM 15 ABBEVILLE (21 HOOG);1200 x 132 x 22 ;3
CP 1 HT ISPM 15 ABBEVILLE (21 HOOG);1200 x 98 x 17 ;3
CP 1 HT ISPM 15 ABBEVILLE (21 HOOG);1200 x 78 x 17 ;6
CP 1 HT ISPM 15 ABBEVILLE (21 HOOG);1000 x 98 x 20 ;3
CP 1 HT ISPM 15 ABBEVILLE (21 HOOG);klos 133x75x75;9
CP 1 HT/KD import;CP 1 HT/KD import;1
CP1 HOUTEN KLOS (20 Hoog);klos 133x75x75;9
CP1 HOUTEN KLOS (20 Hoog);1200 x 133 x 17;3
CP1 HOUTEN KLOS (20 Hoog);1200 x 78 x 17 ;6
CP1 HOUTEN KLOS (20 Hoog);1000 x 98 x 20 ;3
CP1 HOUTEN KLOS (20 Hoog);1200 x 98 x 17 ;3
CP1 HOUTEN KLOS HT ISPM 15 (20 Hoog);1200 x 98 x 17 ;3
CP1 HOUTEN KLOS HT ISPM 15 (20 Hoog);1000 x 98 x 20 ;3
CP1 HOUTEN KLOS HT ISPM 15 (20 Hoog);1200 x 78 x 17 ;6
CP1 HOUTEN KLOS HT ISPM 15 (20 Hoog);1200 x 133 x 17;3
CP1 HOUTEN KLOS HT ISPM 15 (20 Hoog);klos 133x75x75;9
CP1 HT ISPM 15 I;CP1 HT ISPM 15 I;1
CP1 KD/HT ISPM 15 (20 Hoog);HT/KD 1200 x 98 x 17 ;3
CP1 KD/HT ISPM 15 (20 Hoog);HT/KD 1200 x 74 x 17 ;6
CP1 KD/HT ISPM 15 (20 Hoog);HT/KD 1000 x 98 x 19 ;3
CP1 KD/HT ISPM 15 (20 Hoog);HT/KD 1200 x 133 x 17 ;3
CP1 KD/HT ISPM 15 (20 Hoog);spaan 133 x 78 x 78;9
CP1 SPAANKLOS (20 Hoog);spaan 133 x 78 x 78;9
CP1 SPAANKLOS (20 Hoog);1200 x 133 x 17;3
CP1 SPAANKLOS (20 Hoog);1000 x 98 x 20 ;3
CP1 SPAANKLOS (20 Hoog);1200 x 78 x 17 ;6
CP1 SPAANKLOS (20 Hoog);1200 x 98 x 17 ;3
CP1 SPAANKLOS HT ISPM 15 (20 Hoog);1200 x 98 x 17 ;3
CP1 SPAANKLOS HT ISPM 15 (20 Hoog);1000 x 98 x 20 ;3
CP1 SPAANKLOS HT ISPM 15 (20 Hoog);1200 x 78 x 17 ;6
CP1 SPAANKLOS HT ISPM 15 (20 Hoog);1200 x 133 x 17;3
CP1 SPAANKLOS HT ISPM 15 (20 Hoog);spaan 133 x 78 x 78;9
CP2 HOUTEN KLOS  (20 hoog);800 x 98 x 21;3
CP2 HOUTEN KLOS  (20 hoog);1200 x 78 x 17 ;4
CP2 HOUTEN KLOS  (20 hoog);1200 x 98 x 17 ;6
CP2 HOUTEN KLOS  (20 hoog);klos 95 x 75 x 75;9
CP2 HT ISPM 15 I;CP2 HT ISPM 15 Import;1
CP2 HT/KD ISPM 15 KD (20 hoog);HT/KD 800 x 98 x 20;3
CP2 HT/KD ISPM 15 KD (20 hoog);HT/KD 1200 x 74 x 17 ;4
CP2 HT/KD ISPM 15 KD (20 hoog);HT/KD 1200 x 98 x 17 ;6
CP2 HT/KD ISPM 15 KD (20 hoog);spaan 75 x 95 x 78;9
CP2 SPAANKLOS HT ISPM 15 (20 hoog);spaan 75 x 95 x 78;9
CP2 SPAANKLOS HT ISPM 15 (20 hoog);800 x 98 x 21;3
CP2 SPAANKLOS HT ISPM 15 (20 hoog);1200 x 98 x 17 ;6
CP2 SPAANKLOS HT ISPM 15 (20 hoog);1200 x 78 x 17 ;4
CP3 HOUTEN KLOS HT ISPM 15 (20 hoog);klos 133x75x75;9
CP3 HOUTEN KLOS HT ISPM 15 (20 hoog);1140 x 78 x 17 ;6
CP3 HOUTEN KLOS HT ISPM 15 (20 hoog);1140 x 98 x 20 NAALD;3
CP3 HOUTEN KLOS HT ISPM 15 (20 hoog);1140 x 118 x 17 ;3
CP3 HOUTEN KLOS HT ISPM 15 (20 hoog);1140 x 133 x 17 ;3
CP3 HT ISPM 15 (genest 2 x 15 Hoog);1140 x 118 x 17 ;3
CP3 HT ISPM 15 (genest 2 x 15 Hoog);1140 x 133 x 17 ;3
CP3 HT ISPM 15 (genest 2 x 15 Hoog);1140 x 98 x 20 NAALD;3
CP3 HT ISPM 15 (genest 2 x 15 Hoog);1140 x 78 x 17 ;6
CP3 HT ISPM 15 (genest 2 x 15 Hoog);spaan 133 x 78 x 78;9
CP3 HT/KD ISPM 15 houten klos (20 hoog);HT/KD 1140 x 98 x 19 ;3
CP3 HT/KD ISPM 15 houten klos (20 hoog);HT/KD 1140 x 75 x 17;6
CP3 HT/KD ISPM 15 houten klos (20 hoog);HT/KD 1140 x 133 x 17;3
CP3 HT/KD ISPM 15 houten klos (20 hoog);HT/KD 1140 x 118 x 17;3
CP3 HT/KD ISPM 15 houten klos (20 hoog);klos 133 x 78 x 78;9
CP3 HT/KD ISPM 15 spaan klos  20 hoog (DOW);spaan 133 x 78 x 78;9
CP3 HT/KD ISPM 15 spaan klos  20 hoog (DOW);1140 x 98 x 20 NAALD;3
CP3 HT/KD ISPM 15 spaan klos  20 hoog (DOW);1140 x 78 x 17 ;6
CP3 HT/KD ISPM 15 spaan klos  20 hoog (DOW);1140 x 133 x 17 ;3
CP3 HT/KD ISPM 15 spaan klos  20 hoog (DOW);1140 x 118 x 17 ;3
CP3 SPAANKLOS HT ISPM 15 (20 hoog);1140 x 133 x 17 ;3
CP3 SPAANKLOS HT ISPM 15 (20 hoog);1140 x 118 x 17 ;3
CP3 SPAANKLOS HT ISPM 15 (20 hoog);1140 x 78 x 17 ;6
CP3 SPAANKLOS HT ISPM 15 (20 hoog);1140 x 98 x 20 NAALD;3
CP3 SPAANKLOS HT ISPM 15 (20 hoog);spaan 133 x 78 x 78;9
CP4 HT ISPM 15 (20 hoog);PRS4 1100 x 98 x 22 ;3
CP4 HT ISPM 15 (20 hoog);PRS4 1200 x 120 x 18;3
CP4 HT ISPM 15 (20 hoog);PRS4 1300 x 120 x 18;3
CP4 HT ISPM 15 (20 hoog);klos 120 x 75 x 75;9
CP4 HT ISPM 15 (20 hoog);PRS4 1300 x 80 x 18;6
CP4 HT/KD  (20 hoog);PRS4 1300 x 80 x 18;6
CP4 HT/KD  (20 hoog);klos 120 x 75 x 75;9
CP4 HT/KD  (20 hoog);PRS4 1300 x 120 x 18;3
CP4 HT/KD  (20 hoog);PRS4 1200 x 120 x 18;3
CP4 HT/KD  (20 hoog);PRS4 1100 x 98 x 22 ;3
CP4 HT/KD ISPM 15 I;CP4 HT/KD ISPM 15 I;1
CP5 HT ISPM 15;760 x 100 x 22;3
CP5 HT ISPM 15;1140 x 98 x 17 ;4
CP5 HT ISPM 15;1140 x 78 x 17 ;6
CP5 HT ISPM 15;klos 100x80x80;9
CP6 HOUTEN KLOS (21 hoog);900 x 98 x 17 ;3
CP6 HOUTEN KLOS (21 hoog);1200 x 123 x 21 ;2
CP6 HOUTEN KLOS (21 hoog);1000 x 78 x 17 ;8
CP6 HOUTEN KLOS (21 hoog);klos 100x80x80;9
CP6 HOUTEN KLOS (21 hoog);1100 x 98 x 17 ;3
CP6 HOUTEN KLOS (21 hoog);1000 x 98 x 17 ;3
CP6 HOUTEN KLOS (21 hoog);1200 x 98 x 20 ;1
CP6 HOUTEN KLOS HT ISPM 15 (21 Hoog);1200 x 98 x 20 ;1
CP6 HOUTEN KLOS HT ISPM 15 (21 Hoog);1000 x 98 x 17 ;3
CP6 HOUTEN KLOS HT ISPM 15 (21 Hoog);1100 x 98 x 17 ;3
CP6 HOUTEN KLOS HT ISPM 15 (21 Hoog);klos 100x80x80;9
CP6 HOUTEN KLOS HT ISPM 15 (21 Hoog);1000 x 78 x 17 ;8
CP6 HOUTEN KLOS HT ISPM 15 (21 Hoog);1200 x 123 x 21 ;2
CP6 HOUTEN KLOS HT ISPM 15 (21 Hoog);900 x 98 x 17 ;3
CP6 HT ISPM 15 (RECON);CP6 HT ISPM 15 (18 Hoog) 2e KEUS;1
CP6 HT/KD ISPM 15 (18 Hoog);HT/KD 900 x 98 x 17;3
CP6 HT/KD ISPM 15 (18 Hoog);HT/KD 1200 x 123 x 20;2
CP6 HT/KD ISPM 15 (18 Hoog);HT/KD 1000 x 98 x 17 ;3
CP6 HT/KD ISPM 15 (18 Hoog);HT/KD 1200 x 100 x 20 ;1
CP6 HT/KD ISPM 15 (18 Hoog);spaan 75 x 95 x 78;9
CP6 HT/KD ISPM 15 (18 Hoog);HT/KD 1000 x 74 x 17 ;8
CP6 HT/KD ISPM 15 (18 Hoog);HT/KD 1100 x 98 x 17 ;3
CP6 SPAANKLOS (21 Hoog);spaan 75 x 95 x 78;9
CP6 SPAANKLOS (21 Hoog);1100 x 98 x 17 ;3
CP6 SPAANKLOS (21 Hoog);1200 x 123 x 21 ;2
CP6 SPAANKLOS (21 Hoog);1000 x 78 x 17 ;8
CP6 SPAANKLOS (21 Hoog);900 x 98 x 17 ;3
CP6 SPAANKLOS (21 Hoog);1200 x 98 x 20 ;1
CP6 SPAANKLOS (21 Hoog);1000 x 98 x 17 ;3
CP6 SPAANKLOS HT ISPM 15 (21 Hoog);1000 x 98 x 17 ;3
CP6 SPAANKLOS HT ISPM 15 (21 Hoog);1200 x 98 x 20 ;1
CP6 SPAANKLOS HT ISPM 15 (21 Hoog);1000 x 78 x 17 ;8
CP6 SPAANKLOS HT ISPM 15 (21 Hoog);1200 x 123 x 21 ;2
CP6 SPAANKLOS HT ISPM 15 (21 Hoog);1100 x 98 x 17 ;3
CP6 SPAANKLOS HT ISPM 15 (21 Hoog);900 x 98 x 17 ;3
CP6 SPAANKLOS HT ISPM 15 (21 Hoog);spaan 75 x 95 x 78;9
CP7 HOUTEN KLOS HT ISPM 15;1100 x 75 x 17 ;6
CP7 HOUTEN KLOS HT ISPM 15;1100 x 98 x 17 ;5
CP7 HOUTEN KLOS HT ISPM 15;klos 100x80x80;9
CP7 HOUTEN KLOS HT ISPM 15;1300 x 123 x 21 ;2
CP7 HOUTEN KLOS HT ISPM 15;1300 x 98 x 20 ;1
CP7 HOUTEN KLOS HT ISPM 15;1000 x 98 x 17 ;3
CP7 HOUTEN KLOS HT ISPM 15;1200 x 78 x 17 ;5
CP7 HT/KD ISPM 15;1200 x 78 x 17 ;5
CP7 HT/KD ISPM 15;1000 x 98 x 17 ;3
CP7 HT/KD ISPM 15;1300 x 98 x 20 ;1
CP7 HT/KD ISPM 15;1300 x 123 x 21 ;2
CP7 HT/KD ISPM 15;1100 x 98 x 17 ;5
CP7 HT/KD ISPM 15;1100 x 75 x 17 ;6
CP7 HT/KD ISPM 15;spaan 75 x 95 x 78;9
CP7 HT/KD ISPM 15 21 hoog (NAALD);spaan 75 x 95 x 78;9
CP7 HT/KD ISPM 15 21 hoog (NAALD);PRS 1100 x 75 x 16 ;6
CP7 HT/KD ISPM 15 21 hoog (NAALD);PRS 1100 x 100 x 16;5
CP7 HT/KD ISPM 15 21 hoog (NAALD);PRS 1300 x 100 x 21 ;1
CP7 HT/KD ISPM 15 21 hoog (NAALD);HT/KD 1000 x 98 x 17 ;3
CP7 HT/KD ISPM 15 21 hoog (NAALD);HT/KD 1200 x 74 x 17 ;5
CP7 HT/KD ISPM 15 21 hoog (NAALD);PRS 1300 x 125 x 22 ;2
CP7 SPAANKLOS;1300 x 123 x 21 ;2
CP7 SPAANKLOS;1300 x 98 x 20 ;1
CP7 SPAANKLOS;1000 x 98 x 17 ;3
CP7 SPAANKLOS;1200 x 78 x 17 ;5
CP7 SPAANKLOS;1100 x 98 x 17 ;5
CP7 SPAANKLOS;1100 x 75 x 17 ;6
CP7 SPAANKLOS;spaan 75 x 95 x 78;9
CP7 SPAANKLOS HT ISPM 15 ;spaan 75 x 95 x 78;9
CP7 SPAANKLOS HT ISPM 15 ;1100 x 75 x 17 ;6
CP7 SPAANKLOS HT ISPM 15 ;1100 x 98 x 17 ;5
CP7 SPAANKLOS HT ISPM 15 ;1200 x 78 x 17 ;5
CP7 SPAANKLOS HT ISPM 15 ;1000 x 98 x 17 ;3
CP7 SPAANKLOS HT ISPM 15 ;1300 x 123 x 21 ;2
CP7 SPAANKLOS HT ISPM 15 ;1300 x 98 x 20 ;1
CP7 SPAANKLOS HT ISPM 15 import;CP7 HT ISPM Import;1
CP8 HOUTEN KLOS I HT ISPM 15 ;CP8 HT ISPM 15 Import;1
CP8 HT/KD ISPM 15 Import;CP8 HT/KD ISPM 15 Import;1
CP9 HOUTEN KLOS HT ISPM 15 ;1140 x 78 x 21 NAALD;3
CP9 HOUTEN KLOS HT ISPM 15 ;1140 x 98 x 17 ;3
CP9 HOUTEN KLOS HT ISPM 15 ;CP9 elementen 1140 x 95 x 34;3
CP9 HOUTEN KLOS HT ISPM 15 ;klos 100x80x80;9
CP9 HOUTEN KLOS HT ISPM 15 ;1140 x 118 x 17 ;3
CP9 HOUTEN KLOS HT ISPM 15 ;1140 x 78 x 17 ;6
CP9 HOUTEN KLOS HT/KD ISPM 15 18 hoog (NAALD);CP9 elementen 1140 x 95 x 34;3
CP9 HOUTEN KLOS HT/KD ISPM 15 18 hoog (NAALD);1140 x 98 x 17 NAALD;3
CP9 HOUTEN KLOS HT/KD ISPM 15 18 hoog (NAALD);1140 x 78 x 21 NAALD;3
CP9 HOUTEN KLOS HT/KD ISPM 15 18 hoog (NAALD);1140 x 118 x 17 NAALD;3
CP9 HOUTEN KLOS HT/KD ISPM 15 18 hoog (NAALD);1140 x 78 x 17 NAALD;6
CP9 HOUTEN KLOS HT/KD ISPM 15 18 hoog (NAALD);klos 95 x 75 x 75;9
CP9 HT/KD ISPM 15;1140 x 78 x 21 NAALD;3
CP9 HT/KD ISPM 15;CP9 elementen 1140 x 95 x 34;3
CP9 HT/KD ISPM 15;spaan 75 x 95 x 78;9
CP9 HT/KD ISPM 15;1140 x 98 x 17 ;3
CP9 HT/KD ISPM 15;1140 x 78 x 17 ;6
CP9 HT/KD ISPM 15;1140 x 118 x 17 ;3
CP9 SPAANKLOS HT ISPM 15 18 hoog;1140 x 118 x 17 ;3
CP9 SPAANKLOS HT ISPM 15 18 hoog;1140 x 78 x 17 ;6
CP9 SPAANKLOS HT ISPM 15 18 hoog;1140 x 98 x 17 ;3
CP9 SPAANKLOS HT ISPM 15 18 hoog;CP9 elementen 1140 x 95 x 34;3
CP9 SPAANKLOS HT ISPM 15 18 hoog;spaan 75 x 95 x 78;9
CP9 SPAANKLOS HT ISPM 15 18 hoog;1140 x 78 x 21 NAALD;3
CP9 SPAANKLOS HT ISPM 15 Import;CP9 HT ISPM 15 Import;1
CP9 SPAANKLOS HT/KD ISPM 15 (PKF);spaan 75 x 95 x 78;9
CP9 SPAANKLOS HT/KD ISPM 15 (PKF);CP9 elementen 1140 x 95 x 34;3
CP9 SPAANKLOS HT/KD ISPM 15 (PKF);HT/KD 1140 x 98 x 17 ;3
CP9 SPAANKLOS HT/KD ISPM 15 (PKF);HT/KD 1140 x 118 x 17;3
CP9 SPAANKLOS HT/KD ISPM 15 (PKF);HT/KD 1140 x 75 x 19;3
CP9 SPAANKLOS HT/KD ISPM 15 (PKF);HT/KD 1140 x 75 x 17;6
CP9 SPAANKLOS HT/KD ISPM 15 18 hoog (NAALD);1140 x 78 x 17 NAALD;6
CP9 SPAANKLOS HT/KD ISPM 15 18 hoog (NAALD);1140 x 98 x 17 NAALD;3
CP9 SPAANKLOS HT/KD ISPM 15 18 hoog (NAALD);1140 x 78 x 21 NAALD;3
CP9 SPAANKLOS HT/KD ISPM 15 18 hoog (NAALD);1140 x 118 x 17 NAALD;3
CP9 SPAANKLOS HT/KD ISPM 15 18 hoog (NAALD);CP9 elementen 1140 x 95 x 34;3
CP9 SPAANKLOS HT/KD ISPM 15 18 hoog (NAALD);spaan 75 x 95 x 78;9
DEINZE 1200 x 1000 HT/KD ISPM 15 14 hoog (DD);spaan 75 x 75 x 90;3
DEINZE 1200 x 1000 HT/KD ISPM 15 14 hoog (DD);HT/KD 1000 x 74 x 20;3
DEINZE 1200 x 1000 HT/KD ISPM 15 14 hoog (DD);HT/KD 1045 x 74 x 20 ;3
DEINZE 1200 x 1000 HT/KD ISPM 15 14 hoog (DD);HT/KD 1000 x 98 x 19 ;2
DEINZE 1200 x 1000 HT/KD ISPM 15 14 hoog (DD);HT/KD 1200 x 74 x 17 ;11
DEINZE 1200 x 1000 HT/KD ISPM 15 14 hoog (DD);spaan 78 x 133 x 90;6
DICALITE 1200x1000 HT ISPM 15 22 HOOG;1000 x 78 x 17 ;3
DICALITE 1200x1000 HT ISPM 15 22 HOOG;1200 x 98 x 17 ;3
DICALITE 1200x1000 HT ISPM 15 22 HOOG;1200 x 73 x 14 ;9
DICALITE 1200x1000 HT ISPM 15 22 HOOG;spaan 75 x 95 x 78;9
DICALITE 1350 x 870 20 HOOG;spaan 75 x 95 x 78;9
DICALITE 1350 x 870 20 HOOG;1350 x 78 x 17 ;7
DICALITE 1350 x 870 20 HOOG;1300 x 98 x 20 ;3
DICALITE 1350 x 870 20 HOOG;870 x 98 x 17;3
DICALITE 1350 x 870 HT ISPM 15 20 HOOG;870 x 98 x 17;3
DICALITE 1350 x 870 HT ISPM 15 20 HOOG;1300 x 98 x 20 ;3
DICALITE 1350 x 870 HT ISPM 15 20 HOOG;1350 x 78 x 17 ;7
DICALITE 1350 x 870 HT ISPM 15 20 HOOG;spaan 75 x 95 x 78;9
DICALITE 1500 x 1000 DUBBELDEKS;spaan 75 x 75 x 90;3
DICALITE 1500 x 1000 DUBBELDEKS;1000 x 78 x 17 ;6
DICALITE 1500 x 1000 DUBBELDEKS;1495 x 73 x 17 ;14
DICALITE 1500 x 1000 DUBBELDEKS;spaan 78 x 133 x 90;6
DICALITE 1500 x 1000 HT ISPM15 22 HOOG;spaan 78 x 133 x 90;6
DICALITE 1500 x 1000 HT ISPM15 22 HOOG;1495 x 73 x 17 ;9
DICALITE 1500 x 1000 HT ISPM15 22 HOOG;845 x 73 x 17 ;3
DICALITE 1500 x 1000 HT ISPM15 22 HOOG;1000 x 78 x 17 ;3
DICALITE 1500 x 1000 HT ISPM15 22 HOOG;spaan 75 x 75 x 90;3
DUVEL 1200 x 1000 KD/HT ISPM 15 21 HOOG (L82);HT/KD 1000 x 98 x 19 ;3
DUVEL 1200 x 1000 KD/HT ISPM 15 21 HOOG (L82);HT/KD 1200 x 100 x 20 ;10
DUVEL 1200 x 1000 KD/HT ISPM 15 21 HOOG (L82);spaan 95 x 95 x 78;9
DUVEL 1200 x 800 KD/HT ISPM15 21 HOOG ;spaan 95 x 95 x 78;9
DUVEL 1200 x 800 KD/HT ISPM15 21 HOOG ;HT/KD 1200 x 100 x 20 ;10
DUVEL 1200 x 800 KD/HT ISPM15 21 HOOG ;HT/KD 800 x 98 x 20;3
DUVEL 1200 x 900 KD/HT ISPM15 21 HOOG (L72EXP);HT/KD 1200 x 100 x 20 ;10
DUVEL 1200 x 900 KD/HT ISPM15 21 HOOG (L72EXP);HT/KD 900 x 98 x 22 ;3
DUVEL 1200 x 900 KD/HT ISPM15 21 HOOG (L72EXP);spaan 95 x 95 x 78;9
E2SE 1200 x 1000 KD HT  (18 Hoog);spaan 95 x 95 x 78;9
E2SE 1200 x 1000 KD HT  (18 Hoog);HT/KD 1200 x 100 x 20 ;7
E2SE 1200 x 1000 KD HT  (18 Hoog);HT/KD 1000 x 98 x 19 ;3
E2SE 1200 x 1000 KD HT  (18 Hoog);HT/KD 1200 x 100 x 20 Eka;3
E2SE CALAIS 1200 x 800 HT/KD ISPM 15 (17 hoog) ;HT/KD 800 x 98 x 17 ;3
E2SE CALAIS 1200 x 800 HT/KD ISPM 15 (17 hoog) ;spaan 95 x 95 x 78;9
E2SE CALAIS 1200 x 800 HT/KD ISPM 15 (17 hoog) ;HT/KD 1200 x 98 x 17 ;10
E2SE CLERMONT 1200 x 800 HT/KD ISPM 15 (31 hoog genest);1200 x 78 x 17 ;8
E2SE CLERMONT 1200 x 800 HT/KD ISPM 15 (31 hoog genest);spaan 75 x 75 x 78;9
E2SE CLERMONT 1200 x 800 HT/KD ISPM 15 (31 hoog genest);800 x 78 x 17;3
E2SE CLERMONT 800 x 800 HT/KD ISPM 15 (31 hoog genest);800 x 78 x 17;11
E2SE CLERMONT 800 x 800 HT/KD ISPM 15 (31 hoog genest);spaan 75 x 75 x 78;9
EASTMAN ZAKKEN SPAANKLOS KD/HT ISPM 15 (19 hoog);spaan 75 x 75 x 90;3
EASTMAN ZAKKEN SPAANKLOS KD/HT ISPM 15 (19 hoog);HT/KD 1200 x 98 x 17 ;8
EASTMAN ZAKKEN SPAANKLOS KD/HT ISPM 15 (19 hoog);HT/KD 1000 x 98 x 17 ;2
EASTMAN ZAKKEN SPAANKLOS KD/HT ISPM 15 (19 hoog);HT/KD 1000 x 74 x 17 ;1
EASTMAN ZAKKEN SPAANKLOS KD/HT ISPM 15 (19 hoog);spaan 78 x 133 x 90;6
EASTMAN ZAKKEN SPAANKLOS KD/HT ISPM 15 (19 hoog);HT/KD 1045 x 74 x 20 Eastman;3
EASTMAN ZAKKEN SPAANKLOS KD/HT ISPM 15 (19 hoog);HT/KD 1000 x 74 x 20 Eastman;2
EURO PALLET EPAL HT/KD ISPM 15 (19 hoog);1200 x 100 x 22;4
EURO PALLET EPAL HT/KD ISPM 15 (19 hoog);spaan 145 x 100 x 78;6
EURO PALLET EPAL HT/KD ISPM 15 (19 hoog);800 x 143 x 20;3
EURO PALLET EPAL HT/KD ISPM 15 (19 hoog);1200 x 143 x 21 ;4
EURO PALLET EPAL HT/KD ISPM 15 (19 hoog);spaan 145 x 145 x 78;3
EURO PALLET GEBRUIKT;Euro-pallet;1
EURO PALLET KD/HT ISPM15 I;europallet ispm 15 HT KD (import);1
Fuchs 1200 x 1200 19 hoog;spaan 90 x 135 x 78;9
Fuchs 1200 x 1200 19 hoog;1200 x 123 x 21 ;8
Fuchs 1200 x 1200 19 hoog;1000 x 98 x 20 ;3
Fuchs 1200 x 1200 19 hoog;1200 x 98 x 20 ;5
Fuchs Oils (238354) 1200 x 800 HT ISPM 15 (19 hoog);800 x 98 x 21;3
Fuchs Oils (238354) 1200 x 800 HT ISPM 15 (19 hoog);1200 x 98 x 21 INC;9
Fuchs Oils (238354) 1200 x 800 HT ISPM 15 (19 hoog);spaan 90 x 90 x 90;9
Fuchs Oils 1140 x 1140 (20 hoog);990 x 75 x 21;3
Fuchs Oils 1140 x 1140 (20 hoog);spaan 133 x 78 x 78;9
Fuchs Oils 1140 x 1140 (20 hoog);1140 x 78 x 21 ;2
Fuchs Oils 1140 x 1140 (20 hoog);1140 x 98 x 20 NAALD;10
HOLLIDAY 1140 x 1140 HT/KD (17 hoog gestrapt);HT/KD 1140 x 98 x 17 ;14
HOLLIDAY 1140 x 1140 HT/KD (17 hoog gestrapt);klos 75 x 133 x 90;6
HOLLIDAY 1140 x 1140 HT/KD (17 hoog gestrapt);HT/KD 944 x 100 x 16;3
HOLLIDAY 1140 x 1140 HT/KD (17 hoog gestrapt);klos 75 x 95 x 90;3
HOLLIDAY 1200 x 1000 HT/KD HOUTENKLOSSEN (17 hoog gestrapt);klos 75 x 95 x 90;3
HOLLIDAY 1200 x 1000 HT/KD HOUTENKLOSSEN (17 hoog gestrapt);klos 75 x 133 x 90;6
HOLLIDAY 1200 x 1000 HT/KD HOUTENKLOSSEN (17 hoog gestrapt);HT/KD 1200 x 98 x 17 ;7
HOLLIDAY 1200 x 1000 HT/KD HOUTENKLOSSEN (17 hoog gestrapt);HT/KD 1000 x 98 x 17 ;8
HUBER 1100 x 1100 HT/KD ISPM 15  20 hoog;spaan 95 x 95 x 78;9
HUBER 1100 x 1100 HT/KD ISPM 15  20 hoog;HT/KD 1100 x 98 x 17 ;13
HUBER 1200 x 1000 HT/KD ISPM 15 20 HOOG;spaan 75 x 75 x 90;9
HUBER 1200 x 1000 HT/KD ISPM 15 20 HOOG;HT/KD 1200 x 74 x 17 ;3
HUBER 1200 x 1000 HT/KD ISPM 15 20 HOOG;HT/KD 1000 x 74 x 17 ;3
HUBER 1200 x 1000 HT/KD ISPM 15 20 HOOG;HT/KD 1200 x 75 x 15;7
HZPC 1200 x 1000 HT ISPM 15 (houten klos 27 hoog genest);1200 x 98 x 21 INC;3
HZPC 1200 x 1000 HT ISPM 15 (houten klos 27 hoog genest);klos 95 x 95 x 78;9
HZPC 1200 x 1000 HT ISPM 15 (houten klos 27 hoog genest);1000 x 98 x 20 ;3
HZPC 1200 x 1000 HT ISPM 15 (houten klos 27 hoog genest);1200 x 78 x 17 ;9
ICL 1140 x 890 HT/KD (gestrapt /EKA 20 hoog);HT/KD 1140 x 98 x 17 ;3
ICL 1140 x 890 HT/KD (gestrapt /EKA 20 hoog);spaan 95 x 95 x 78;9
ICL 1140 x 890 HT/KD (gestrapt /EKA 20 hoog);HT/KD 890 x 98 x 20;3
ICL 1140 x 890 HT/KD (gestrapt /EKA 20 hoog);HT/KD 1140 x 95 x 20 eka;3
ICL 1140 x 890 HT/KD (gestrapt /EKA 20 hoog);HT/KD 1140 x 118 x 17;4
IMERYS 1100 x 1100 ISPM15 HT 22 HOOG;1100 x 98 x 20 ;3
IMERYS 1100 x 1100 ISPM15 HT 22 HOOG;1100 x 133 x 17 ;3
IMERYS 1100 x 1100 ISPM15 HT 22 HOOG;1100 x 75 x 17 ;6
IMERYS 1100 x 1100 ISPM15 HT 22 HOOG;spaan 133 x 78 x 78;9
IMERYS 1100 x 1100 ISPM15 HT 22 HOOG;1100 x 98 x 17 ;3
IMERYS 1200 x 900 GESTRAPT (22 hoog);900 x 98 x 17 ;3
IMERYS 1200 x 900 GESTRAPT (22 hoog);1200 x 98 x 17 ;10
IMERYS 1200 x 900 GESTRAPT (22 hoog);spaan 95 x 95 x 78;9
IMERYS DK 1200 x 1000 HT ISPM 15 (20 hoog);1200 x 98 x 17 ;5
IMERYS DK 1200 x 1000 HT ISPM 15 (20 hoog);1000 x 98 x 20 ;3
IMERYS DK 1200 x 1000 HT ISPM 15 (20 hoog);1200 x 133 x 17;5
IMERYS DK 1200 x 1000 HT ISPM 15 (20 hoog);1000 x 98 x 17 ;3
IMERYS DK 1200 x 1000 HT ISPM 15 (20 hoog);klos 95 x 95 x 75;9
INEOS 1100 x 1100 HT (Houten klos 20 hoog);klos 095x95x95;3
INEOS 1100 x 1100 HT (Houten klos 20 hoog);Klos 95 x 145 x 95;6
INEOS 1100 x 1100 HT (Houten klos 20 hoog);900 x 98 x 17 ;3
INEOS 1100 x 1100 HT (Houten klos 20 hoog);1100 x 98 x 17 ;5
INEOS 1100 x 1100 HT (Houten klos 20 hoog);1100 x 75 x 17 ;7
IVC 1200 x 800 HT ISPM 15 (21 hoog Winddroog) + strappen;1200 x 73 x 14 ;7
IVC 1200 x 800 HT ISPM 15 (21 hoog Winddroog) + strappen;800 x 98 x 17;3
IVC 1200 x 800 HT ISPM 15 (21 hoog Winddroog) + strappen;spaan 95 x 95 x 78;9
IVC 1200 x 800 HT ISPM 15 (21 hoog Winddroog) + strappen;1200 x 98 x 21 INC;3
JBF Global 1100 x 1100 HT/KD ISPM 15 (22 HOOG) ;spaan 90 x 90 x 78;9
JBF Global 1100 x 1100 HT/KD ISPM 15 (22 HOOG) ;HT/KD 1100 x 98 x 17 ;13
KATOEN NATIE 1200 x 1000 HT/KD VERZWAARD 21 hoog (stempel K);spaan 75 x 95 x 78;9
KATOEN NATIE 1200 x 1000 HT/KD VERZWAARD 21 hoog (stempel K);HT/KD 1000 x 98 x 19 ;3
KATOEN NATIE 1200 x 1000 HT/KD VERZWAARD 21 hoog (stempel K);HT/KD 1200 x 100 x 20 ;6
KATOEN NATIE 1200 x 1000 HT/KD VERZWAARD 21 hoog (stempel K);HT/KD 1200 x 75 x 20 ;4
Kosten 1200 x 1000 HT ISPM 15 (17 hoog STEMPEL LANGE KANT) TYPE 6;1045 x 75 x 20;3
Kosten 1200 x 1000 HT ISPM 15 (17 hoog STEMPEL LANGE KANT) TYPE 6;1000 x 75 x 20;2
Kosten 1200 x 1000 HT ISPM 15 (17 hoog STEMPEL LANGE KANT) TYPE 6;spaan 78 x 133 x 90;6
Kosten 1200 x 1000 HT ISPM 15 (17 hoog STEMPEL LANGE KANT) TYPE 6;spaan 75 x 75 x 90;3
Kosten 1200 x 1000 HT ISPM 15 (17 hoog STEMPEL LANGE KANT) TYPE 6;1000 x 78 x 17 ;1
Kosten 1200 x 1000 HT ISPM 15 (17 hoog STEMPEL LANGE KANT) TYPE 6;1000 x 98 x 17 ;2
Kosten 1200 x 1000 HT ISPM 15 (17 hoog STEMPEL LANGE KANT) TYPE 6;1200 x 78 x 17 ;9
LABO 1200 x 1000 HT/KD (GENEST 2x15 HOOG);1200 x 98 x 17 ;10
LABO 1200 x 1000 HT/KD (GENEST 2x15 HOOG);1000 x 98 x 17 ;3
LABO 1200 x 1000 HT/KD (GENEST 2x15 HOOG);spaan 95 x 95 x 78;9
NEMOS 1150 x 950 HT/KD ISPM 15 (klos 78 22 hoog);HT/KD 1140 x 98 x 17 ;7
NEMOS 1150 x 950 HT/KD ISPM 15 (klos 78 22 hoog);spaan 90 x 90 x 78;3
NEMOS 1150 x 950 HT/KD ISPM 15 (klos 78 22 hoog);spaan 90 x 135 x 78;6
NEMOS 1150 x 950 HT/KD ISPM 15 (klos 78 22 hoog);HT/KD 950 x 100 x 16;8
NEMOS 1150 x 950 HT/KD ISPM 15 (klos 95 21 hoog);HT/KD 944 x 100 x 16;8
NEMOS 1150 x 950 HT/KD ISPM 15 (klos 95 21 hoog);HT/KD 1140 x 98 x 17 ;7
NEMOS 1150 x 950 HT/KD ISPM 15 (klos 95 21 hoog);spaan 90 x 135 x 95;6
NEMOS 1150 x 950 HT/KD ISPM 15 (klos 95 21 hoog);spaan 90 x 90 x 95;3
Nordpal 1000 x 600 HT ISPM 15 (20 hoog);spaan 95 x 95 x 78;9
Nordpal 1000 x 600 HT ISPM 15 (20 hoog);1000 x 98 x 17 ;3
Nordpal 1000 x 600 HT ISPM 15 (20 hoog);1000 x 78 x 17 ;2
Nordpal 1000 x 600 HT ISPM 15 (20 hoog);1000 x 98 x 20 ;3
Nordpal 1000 x 600 HT ISPM 15 (20 hoog);600 x 95 x 22;3
NORDPAL 1200 x 1000 DIN (18 hoog);1200 x 98 x 17 ;7
NORDPAL 1200 x 1000 DIN (18 hoog);1200 x 143 x 21 ;3
NORDPAL 1200 x 1000 DIN (18 hoog);spaan 145 x 145 x 78;9
NORDPAL 1200 x 1000 DIN (18 hoog);1000 x 145 x 22 ;3
NUTRI PACK 1200 x 1000 (22 hoog) (HOUTENKLOS 17 mm);1200 x 78 x 17 ;10
NUTRI PACK 1200 x 1000 (22 hoog) (HOUTENKLOS 17 mm);1000 x 78 x 17 ;3
NUTRI PACK 1200 x 1000 (22 hoog) (HOUTENKLOS 17 mm);klos 75 x 75 x 78;9
NUTRI PACK 1200 x 1000 HT ISPM 15  (22 hoog) (HOUTENKLOS 17 mm);klos 75 x 75 x 78;9
NUTRI PACK 1200 x 1000 HT ISPM 15  (22 hoog) (HOUTENKLOS 17 mm);1200 x 78 x 17 ;10
NUTRI PACK 1200 x 1000 HT ISPM 15  (22 hoog) (HOUTENKLOS 17 mm);1000 x 78 x 17 ;3
NUTRILAC 1200 x 1100 (21 hoog);1200 x 143 x 21 ;3
NUTRILAC 1200 x 1100 (21 hoog);1100 x 98 x 20 ;3
NUTRILAC 1200 x 1100 (21 hoog);spaan 145 x 100 x 78;9
NUTRILAC 1200 x 1100 (21 hoog);1200 x 98 x 21 INC;9
NUTRILAC 1200 x 1100 HT ISPM 15 (21 hoog);1200 x 98 x 21 INC;9
NUTRILAC 1200 x 1100 HT ISPM 15 (21 hoog);spaan 145 x 100 x 78;9
NUTRILAC 1200 x 1100 HT ISPM 15 (21 hoog);1100 x 98 x 20 ;3
NUTRILAC 1200 x 1100 HT ISPM 15 (21 hoog);1200 x 143 x 21 ;3
NYNAS 1140 x 1140 HT ISPM 15 22 HOOG (Origin of Belgium);spaan 133 x 78 x 78;9
NYNAS 1140 x 1140 HT ISPM 15 22 HOOG (Origin of Belgium);1140 x 118 x 17 ;3
NYNAS 1140 x 1140 HT ISPM 15 22 HOOG (Origin of Belgium);1140 x 133 x 17 ;3
NYNAS 1140 x 1140 HT ISPM 15 22 HOOG (Origin of Belgium);1140 x 78 x 17 ;4
NYNAS 1140 x 1140 HT ISPM 15 22 HOOG (Origin of Belgium);1140 x 98 x 20 NAALD;3
NYNAS 1140 x 1140 HT ISPM 15 23 HOOG;1140 x 98 x 20 NAALD;3
NYNAS 1140 x 1140 HT ISPM 15 23 HOOG;1140 x 133 x 17 ;3
NYNAS 1140 x 1140 HT ISPM 15 23 HOOG;1140 x 78 x 17 ;4
NYNAS 1140 x 1140 HT ISPM 15 23 HOOG;1140 x 118 x 17 ;3
NYNAS 1140 x 1140 HT ISPM 15 23 HOOG;spaan 133 x 78 x 78;9
NYNAS 1200 x 1200 HT ISPM 15 22 HOOG;klos 75 x 133 x 90;9
NYNAS 1200 x 1200 HT ISPM 15 22 HOOG;1200 x 98 x 20 ;12
NYNAS 1200 x 1200 HT ISPM 15 22 HOOG;1200 x 132 x 22 ;3
OP9 1140 x 1140 HT/KD (18 hoog gestrapt);HT/KD 1140 x 75 x 17;6
OP9 1140 x 1140 HT/KD (18 hoog gestrapt);klos 100 x 95 x 63 HT ISPM 15;9
OP9 1140 x 1140 HT/KD (18 hoog gestrapt);HT/KD 1140 x 98 x 19 ;3
OP9 1140 x 1140 HT/KD (18 hoog gestrapt);HT/KD 1140 x 98 x 17 ;9
PEMA 1140 x 1000 KD/HT Type IJsland 1000 (21 hoog);HT/KD 1000 x 98 x 19 ;3
PEMA 1140 x 1000 KD/HT Type IJsland 1000 (21 hoog);HT/KD 1140 x 98 x 17 ;6
PEMA 1140 x 1000 KD/HT Type IJsland 1000 (21 hoog);spaan 75 x 95 x 78;9
PEMA 1140 x 1000 KD/HT Type IJsland 1000 (21 hoog);HT/KD 1140 x 75 x 17;6
PEMA 1140 x 800 KD/HT Type IJsland 800 (21 hoog);HT/KD 1140 x 75 x 17;4
PEMA 1140 x 800 KD/HT Type IJsland 800 (21 hoog);spaan 75 x 95 x 78;9
PEMA 1140 x 800 KD/HT Type IJsland 800 (21 hoog);HT/KD 800 x 98 x 17 ;3
PEMA 1140 x 800 KD/HT Type IJsland 800 (21 hoog);HT/KD 1140 x 98 x 17 ;3
PEMA 1140 x 800 KD/HT Type IJsland 800 (21 hoog);HT/KD 1140 x 98 x 19 ;3
PEMA PALLETS 1200 x 1000 HT Type C (18 hoog);1000 x 98 x 17 ;12
PEMA PALLETS 1200 x 1000 HT Type C (18 hoog);1200 x 98 x 17 ;3
PEMA PALLETS 1200 x 1000 HT Type C (18 hoog);element PEMA 1200 x 95 x 34;3
PEMA PALLETS 1200 x 1000 HT Type C (18 hoog);spaan 90 x 90 x 90;9
PEMA PALLETS 1200 x 1000 KD/HT Type 81A - 05 omloop (18 hoog);HT/KD 1040 x 98 x 20;3
PEMA PALLETS 1200 x 1000 KD/HT Type 81A - 05 omloop (18 hoog);HT/KD 1000 x 98 x 17 ;9
PEMA PALLETS 1200 x 1000 KD/HT Type 81A - 05 omloop (18 hoog);spaan 90 x 90 x 95;3
PEMA PALLETS 1200 x 1000 KD/HT Type 81A - 05 omloop (18 hoog);spaan 90 x 135 x 95;6
PEMA PALLETS 1200 x 1000 KD/HT Type 81A - 05 omloop (18 hoog);HT/KD 1200 x 100 x 20 ;3
PEMA PALLETS 1200 x 1000 KD/HT Type 81A - 05 omloop (18 hoog);HT/KD 1000 x 74 x 20;2
PEMA PALLETS 1200 x 1000 KD/HT Type D - M&J (17 hoog);spaan 145 x 100 x 78;9
PEMA PALLETS 1200 x 1000 KD/HT Type D - M&J (17 hoog);HT/KD 1200 x 100 x 20 ;4
PEMA PALLETS 1200 x 1000 KD/HT Type D - M&J (17 hoog);HT/KD 1200 x 100 x 20 Eka;3
PEMA PALLETS 1200 x 1000 KD/HT Type D - M&J (17 hoog);HT/KD 1000 x 143 x 21;3
PEMA PALLETS 1200 x 1000 KD/HT Type D - M&J (17 hoog);HT/KD 1200 x 123 x 20;3
POLYCHIM 1000 x 1000 HT ISPM 15 (23 hoog);klos 90 x 95 x 75;9
POLYCHIM 1000 x 1000 HT ISPM 15 (23 hoog);1000 x 98 x 20 ;3
POLYCHIM 1000 x 1000 HT ISPM 15 (23 hoog);1000 x 98 x 17 ;10
PR 1200 x 1000 (19 hoog);1000 x 78 x 17 ;3
PR 1200 x 1000 (19 hoog);1200 x 78 x 17 ;5
PR 1200 x 1000 (19 hoog);spaan 75 x 75 x 90;3
PR 1200 x 1000 (19 hoog);spaan 78 x 133 x 90;6
PR 1200 x 1000 (19 hoog);1000 x 75 x 20;2
PR 1200 x 1000 (19 hoog);1045 x 75 x 20;3
PRS 4 HOUTEN KLOS HT/KD (20 hoog STRAPPEN);PRS4 1300 x 120 x 18;3
PRS 4 HOUTEN KLOS HT/KD (20 hoog STRAPPEN);PRS4 1300 x 80 x 18;6
PRS 4 HOUTEN KLOS HT/KD (20 hoog STRAPPEN);klos 120 x 78 x 78;9
PRS 4 HOUTEN KLOS HT/KD (20 hoog STRAPPEN);PRS4 1200 x 120 x 18;3
PRS 4 HOUTEN KLOS HT/KD (20 hoog STRAPPEN);PRS4 1100 x 98 x 22 ;3
PRS 7 HOUTEN KLOS HT ISPM 15 (20 hoog);PRS 1200 x 75 x 22 ;5
PRS 7 HOUTEN KLOS HT ISPM 15 (20 hoog);klos 100x75x75;9
PRS 7 HOUTEN KLOS HT ISPM 15 (20 hoog);PRS 1000 x 100 x 19 ;3
PRS 7 HOUTEN KLOS HT ISPM 15 (20 hoog);PRS 1100 x 75 x 16 ;6
PRS 7 HOUTEN KLOS HT ISPM 15 (20 hoog);PRS 1300 x 100 x 21 ;1
PRS 7 HOUTEN KLOS HT ISPM 15 (20 hoog);PRS 1100 x 100 x 16;5
PRS 7 HOUTEN KLOS HT ISPM 15 (20 hoog);PRS 1300 x 125 x 22 ;2
RESILUX 1200 x 1000 WINDDROOG HT/KD 21 HOOG RODE MARKERING;HT/KD 1000 x 74 x 17 ;9
RESILUX 1200 x 1000 WINDDROOG HT/KD 21 HOOG RODE MARKERING;HT/KD 1200 x 74 x 17 ;3
RESILUX 1200 x 1000 WINDDROOG HT/KD 21 HOOG RODE MARKERING;HT/KD 1045 x 74 x 17 ;3
RESILUX 1200 x 1000 WINDDROOG HT/KD 21 HOOG RODE MARKERING;spaan 75 x 75 x 90;3
RESILUX 1200 x 1000 WINDDROOG HT/KD 21 HOOG RODE MARKERING;spaan 78 x 133 x 90;6
RESILUX PERRIER WINDDROOG 22 HOOG;spaan 95 x 95 x 78;9
RESILUX PERRIER WINDDROOG 22 HOOG;HT/KD 1000 x 98 x 17 ;3
RESILUX PERRIER WINDDROOG 22 HOOG;HT/KD 1200 x 98 x 17 ;10
RESINOPLAST 1100 x 1100 KD HT;spaan 75 x 75 x 90;3
RESINOPLAST 1100 x 1100 KD HT;1100 x 75 x 17 ;9
RESINOPLAST 1100 x 1100 KD HT;spaan 78 x 133 x 90;6
RESINOPLAST 1100 x 1100 KD HT;1100 x 75 x 21;5
RESINOPLAST 1100 x 1100 KD HT;950 x 75 x20;3
RESINOPLAST 1300 x 1100 HT KD ;spaan 78 x 133 x 90;6
RESINOPLAST 1300 x 1100 HT KD ;PRS4 1300 x 80 x 18;11
RESINOPLAST 1300 x 1100 HT KD ;PRS 1100 x 75 x 16 ;3
RESINOPLAST 1300 x 1100 HT KD ;spaan 75 x 75 x 90;3
RESINOPLAST 1300 x 1100 HT KD ;1140 x 78 x 17 ;2
RESINOPLAST 1300 x 1100 HT KD ;900 x 98 x 17 ;3
RF-TECHNO 1200 x 800 23 HOOG;1200 x 98 x 17 ;6
RF-TECHNO 1200 x 800 23 HOOG;1200 x 78 x 17 ;2
RF-TECHNO 1200 x 800 23 HOOG;spaan 95 x 95 x 78;9
RF-TECHNO 1200 x 800 23 HOOG;800 x 98 x 17;3
RF-TECHNO 1200 x 800 HT ISPM 15 23 HOOG;800 x 98 x 17;3
RF-TECHNO 1200 x 800 HT ISPM 15 23 HOOG;spaan 95 x 95 x 78;9
RF-TECHNO 1200 x 800 HT ISPM 15 23 HOOG;1200 x 78 x 17 ;2
RF-TECHNO 1200 x 800 HT ISPM 15 23 HOOG;1200 x 98 x 17 ;6
RF-TECHNO 1200 x 840 23 HOOG;1200 x 98 x 17 ;6
RF-TECHNO 1200 x 840 23 HOOG;1200 x 78 x 17 ;2
RF-TECHNO 1200 x 840 23 HOOG;spaan 95 x 95 x 78;9
RF-TECHNO 1200 x 840 23 HOOG;840 x 98 x 17;3
RF-TECHNO 1200 x 840 HT ISPM 15 23 HOOG;840 x 98 x 17;3
RF-TECHNO 1200 x 840 HT ISPM 15 23 HOOG;spaan 95 x 95 x 78;9
RF-TECHNO 1200 x 840 HT ISPM 15 23 HOOG;1200 x 78 x 17 ;2
RF-TECHNO 1200 x 840 HT ISPM 15 23 HOOG;1200 x 98 x 17 ;6
RF-TECHNO 1400 x 845 22 HOOG;845 x 73 x 17 ;3
RF-TECHNO 1400 x 845 22 HOOG;spaan 75 x 75 x 78;9
RF-TECHNO 1400 x 845 22 HOOG;1400 x 78 x 17;8
RF-TECHNO 1700 x 845 22 HOOG;1700 x 78 x 17;8
RF-TECHNO 1700 x 845 22 HOOG;spaan 75 x 75 x 78;9
RF-TECHNO 1700 x 845 22 HOOG;845 x 73 x 17 ;3
RF-TECHNO 1700 x 845 HT ISPM 15 22 HOOG;845 x 73 x 17 ;3
RF-TECHNO 1700 x 845 HT ISPM 15 22 HOOG;spaan 75 x 75 x 78;9
RF-TECHNO 1700 x 845 HT ISPM 15 22 HOOG;1700 x 78 x 17;8
Roquette 1000 x 1000 HT/KD (20 hoog);HT/KD 800 x 75 x 17;3
Roquette 1000 x 1000 HT/KD (20 hoog);spaan 78 x 133 x 90;6
Roquette 1000 x 1000 HT/KD (20 hoog);spaan 75 x 75 x 90;3
Roquette 1000 x 1000 HT/KD (20 hoog);HT/KD 1000 x 74 x 17 ;9
Roquette 1000 x 1000 HT/KD (20 hoog);HT/KD 1000 x 74 x 20;3
Roquette 1200 x 1000 HT/KD (709) 20 hoog;HT/KD 1000 x 98 x 19 ;3
Roquette 1200 x 1000 HT/KD (709) 20 hoog;HT/KD 1200 x 100 x 20 ;2
Roquette 1200 x 1000 HT/KD (709) 20 hoog;HT/KD 1200 x 98 x 17 ;2
Roquette 1200 x 1000 HT/KD (709) 20 hoog;HT/KD 1200 x 74 x 17 ;5
Roquette 1200 x 1000 HT/KD (709) 20 hoog;HT/KD 800 x 145 x 20;3
Roquette 1200 x 1000 HT/KD (709) 20 hoog;spaan 145 x 100 x 95;9
Roquette 1200 x 800 HT/KD (702) 20 Hoog;HT/KD 800 x 98 x 20;3
Roquette 1200 x 800 HT/KD (702) 20 Hoog;HT/KD 1200 x 74 x 17 ;7
Roquette 1200 x 800 HT/KD (702) 20 Hoog;HT/KD 1200 x 100 x 20 ;3
Roquette 1200 x 800 HT/KD (702) 20 Hoog;spaan 95 x 95 x 78;9
ROSIER BE DD 1200 x 1000 HT 22 HOOG versterkt;1200 x 75 x 21 ;6
ROSIER BE DD 1200 x 1000 HT 22 HOOG versterkt;1200 x 123 x 21 ;3
ROSIER BE DD 1200 x 1000 HT 22 HOOG versterkt;1000 x 98 x 20 ;3
ROSIER BE DD 1200 x 1000 HT 22 HOOG versterkt;klos 133x75x75;9
ROSIER BE DD 1200 x 1000 HT 22 HOOG versterkt;1200 x 98 x 20 ;3
ROSIER NL 1000 x 1000 HT/KD ISPM 15 (20 hoog);HT/KD 1000 x 74 x 17 ;22
ROSIER NL 1000 x 1000 HT/KD ISPM 15 (20 hoog);klos 75x100x63 ISPM 15;9
ROWIN PLASTICS 1140 x1140 HT ISPM 15 31 hoog genest;1140 x 78 x 21 ;3
ROWIN PLASTICS 1140 x1140 HT ISPM 15 31 hoog genest;spaan 75 x 75 x 78;9
ROWIN PLASTICS 1140 x1140 HT ISPM 15 31 hoog genest;1140 x 78 x 17 ;8
ROWIN PLASTICS 1200 x 1200 HT ISPM 15 (29 hoog genest);1200 x 78 x 17 ;7
ROWIN PLASTICS 1200 x 1200 HT ISPM 15 (29 hoog genest);spaan 75 x 75 x 78;9
ROWIN PLASTICS 1200 x 1200 HT ISPM 15 (29 hoog genest);1200 x 75 x 21 ;6
Sacamat 1200 x 800 (21 hoog);1200 x 98 x 17 ;7
Sacamat 1200 x 800 (21 hoog);1200 x 118 x 20;3
Sacamat 1200 x 800 (21 hoog);klos 115 x 95 x 95;9
Sacamat 1200 x 800 (21 hoog);800 x 118 x 20;3
SARLINK HT ISPM 15 SPAANKLOS 15 HOOG ;spaan 90 x 135 x 78;9
SARLINK HT ISPM 15 SPAANKLOS 15 HOOG ;Sarlink 1220 x 95 x 17;12
SARLINK HT ISPM 15 SPAANKLOS 15 HOOG ;1140 x 98 x 20 NAALD;3
SARLINK HT ISPM 15 SPAANKLOS 15 HOOG ;CP9 elementen 1140 x 95 x 34;3
SCORA 1200 x 800 HT/KD ISPM 15 (19 hoog);HT/KD 1200 x 100 x 20 ;6
SCORA 1200 x 800 HT/KD ISPM 15 (19 hoog);HT/KD 800 x 98 x 20;3
SCORA 1200 x 800 HT/KD ISPM 15 (19 hoog);HT/KD 1200 x 75 x 20 ;4
SCORA 1200 x 800 HT/KD ISPM 15 (19 hoog);klos 93 x 135 x 84 HT/KD Ispm 15;9
Scora 800 x 800 HT/KD ISPM 15 (15 hoog);spaan 90 x 90 x 90;9
Scora 800 x 800 HT/KD ISPM 15 (15 hoog);HT/KD 800 x 98 x 20;13
SGD PHARMA 1200 x 1000 KD HT (19 hoog);spaan 145 x 100 x 95;9
SGD PHARMA 1200 x 1000 KD HT (19 hoog);HT/KD 1200 x 98 x 17 ;7
SGD PHARMA 1200 x 1000 KD HT (19 hoog);HT/KD 1000 x 98 x 17 ;8
SICAL 1000 x 1000 (21 hoog);1000 x 78 x 17 ;11
SICAL 1000 x 1000 (21 hoog);klos 75x75x90;9
Sical 1200 x 1000 (20hoog);klos 75x75x90;9
Sical 1200 x 1000 (20hoog);1000 x 78 x 17 ;7
Sical 1200 x 1000 (20hoog);1200 x 78 x 17 ;6
Sical 1200 x 1200 (20 hoog);1200 x 78 x 17 ;13
Sical 1200 x 1200 (20 hoog);klos 75x75x90;9
SICAL 1200 x 800 (20 hoog);800 x 78 x 17;5
SICAL 1200 x 800 (20 hoog);1200 x 78 x 17 ;6
SICAL 1200 x 800 (20 hoog);spaan 75 x 75 x 90;9
SICAL 1200 x 900 (21 hoog);1200 x 78 x 17 ;6
SICAL 1200 x 900 (21 hoog);900 x 75 x 16;7
SICAL 1200 x 900 (21 hoog);klos 75x75x90;9
Sical 1400 x 1000 (20 hoog);klos 75x75x90;9
Sical 1400 x 1000 (20 hoog);1400 x 78 x 17;6
Sical 1400 x 1000 (20 hoog);1000 x 78 x 17 ;7
Sidaplax  DIN PALLET 1200 x 1000 KD HT SPAAN KLOS 18 hoog;HT/KD 1000 x 143 x 21;1
Sidaplax  DIN PALLET 1200 x 1000 KD HT SPAAN KLOS 18 hoog;spaan 145 x 145 x 78;9
Sidaplax  DIN PALLET 1200 x 1000 KD HT SPAAN KLOS 18 hoog;HT/KD 1200 x 143 x 22;6
Sidaplax  DIN PALLET 1200 x 1000 KD HT SPAAN KLOS 18 hoog;HT/KD 1200 x 100 x 22 BC;4
Sidaplax  DIN PALLET 1200 x 1000 KD HT SPAAN KLOS 18 hoog;HT/KD 1000 x 100 x 22 BC;2
SIDAPLAX 1200 x 1000 HT/KD ISPM15  (19 hoog);spaan 95 x 95 x 78;9
SIDAPLAX 1200 x 1000 HT/KD ISPM15  (19 hoog);HT/KD 1000 x 98 x 17 ;3
SIDAPLAX 1200 x 1000 HT/KD ISPM15  (19 hoog);HT/KD 1200 x 74 x 17 ;4
SIDAPLAX 1200 x 1000 HT/KD ISPM15  (19 hoog);HT/KD 1200 x 98 x 17 ;6
SIDAPLAX 800 x 1200 HT/KD (20 hoog);HT/KD 1200 x 74 x 17 ;10
SIDAPLAX 800 x 1200 HT/KD (20 hoog);spaan 75 x 75 x 78;9
SIDAPLAX 800 x 1200 HT/KD (20 hoog);HT/KD 800 x 75 x 17;3
SOLAE 1200 x 1000 HT/KD ISPM 15 17 Hoog (RODE HOEKEN) ;spaan 78 x 133 x 90;6
SOLAE 1200 x 1000 HT/KD ISPM 15 17 Hoog (RODE HOEKEN) ;HT/KD 1045 x 74 x 20 ;3
SOLAE 1200 x 1000 HT/KD ISPM 15 17 Hoog (RODE HOEKEN) ;HT/KD 1000 x 74 x 20;2
SOLAE 1200 x 1000 HT/KD ISPM 15 17 Hoog (RODE HOEKEN) ;spaan 75 x 75 x 90;3
SOLAE 1200 x 1000 HT/KD ISPM 15 17 Hoog (RODE HOEKEN) ;HT/KD 1000 x 98 x 17 ;2
SOLAE 1200 x 1000 HT/KD ISPM 15 17 Hoog (RODE HOEKEN) ;HT/KD 1000 x 74 x 17 ;1
SOLAE 1200 x 1000 HT/KD ISPM 15 17 Hoog (RODE HOEKEN) ;HT/KD 1200 x 98 x 17 ;8
SOUFFLET 1200 x 1000 (20 hoog);1000 x 98 x 20 ;3
SOUFFLET 1200 x 1000 (20 hoog);1200 x 98 x 21 INC;8
SOUFFLET 1200 x 1000 (20 hoog);spaan 90 x 90 x 90;9
SOUFFLET 1200 x 1000 HT (20 HOOG);spaan 90 x 90 x 90;9
SOUFFLET 1200 x 1000 HT (20 HOOG);1200 x 98 x 21 INC;8
SOUFFLET 1200 x 1000 HT (20 HOOG);1000 x 98 x 20 ;3
Special Pallet;special hout;1
SQM 1100 x 1100 HT ISPM 15 (21 Hoog winddroog / Markering);spaan 75 x 95 x 78;9
SQM 1100 x 1100 HT ISPM 15 (21 Hoog winddroog / Markering);PRS 1100 x 100 x 16;12
SQM 1100 x 1100 HT ISPM 15 (21 Hoog winddroog / Markering);PRS 1000 x 100 x 19 ;3
SQM 1100 x 1100 HT ISPM 15 (21 Hoog winddroog / Markering);1000 x 75 x 20;3
TEM 1200 x 705 (GENEST 31hoog); 700 x 75 x 19;3
TEM 1200 x 705 (GENEST 31hoog);1200 x 75 x 21 ;8
TEM 1200 x 705 (GENEST 31hoog);spaan 75 x 75 x 78;9
TOYO 1100 x 1100 HT ISPM 15 (Genest 31 hoog);PRS 1100 x 100 x 16;12
TOYO 1100 x 1100 HT ISPM 15 (Genest 31 hoog);PRS4 1100 x 98 x 22 ;3
TOYO 1100 x 1100 HT ISPM 15 (Genest 31 hoog);klos 90 x 90 x 90;9
UNIVAR 1160 x 1160 HT/KD 22 hoog;HT/KD 1160 x 98 x 20;14
UNIVAR 1160 x 1160 HT/KD 22 hoog;spaan 90 x 135 x 78;6
UNIVAR 1160 x 1160 HT/KD 22 hoog;spaan 90 x 90 x 78;3
UNIVAR 1160 x 1160 HT/KD 22 hoog;HT/KD 960 x 98 x 21 ;3
VALORPAL 1200 x 1000 HT/KD (18 HOOG);spaan 75 x 75 x 90;3
VALORPAL 1200 x 1000 HT/KD (18 HOOG);HT/KD 1000 x 74 x 20;2
VALORPAL 1200 x 1000 HT/KD (18 HOOG);HT/KD 1045 x 74 x 20 ;3
VALORPAL 1200 x 1000 HT/KD (18 HOOG);HT/KD 1000 x 98 x 19 ;3
VALORPAL 1200 x 1000 HT/KD (18 HOOG);spaan 78 x 133 x 90;6
VALORPAL 1200 x 1000 HT/KD (18 HOOG);HT/KD 1200 x 75 x 20 ;7
VAN IN 1000 x 800 HT/KD ISPM 15 (genest / gestrapt 29 hoog);HT/KD 800 x 98 x 17 ;3
VAN IN 1000 x 800 HT/KD ISPM 15 (genest / gestrapt 29 hoog);spaan 90 x 135 x 95;9
VAN IN 1000 x 800 HT/KD ISPM 15 (genest / gestrapt 29 hoog);HT/KD 1000 x 74 x 17 ;9
VAN IN 1000 x 800 HT/KD ISPM 15 (genest / gestrapt 29 hoog);HT/KD 1000 x 98 x 17 ;3
VDJAGT 1200 x 1000 (7 bovenplanken 19 hoog) TYPE 3;1000 x 98 x 17 ;7
VDJAGT 1200 x 1000 (7 bovenplanken 19 hoog) TYPE 3;1000 x 98 x 20 ;5
VDJAGT 1200 x 1000 (7 bovenplanken 19 hoog) TYPE 3;1200 x 98 x 21 INC;3
VDJAGT 1200 x 1000 (7 bovenplanken 19 hoog) TYPE 3;klos 95 x 135 x 90;6
VDJAGT 1200 x 1000 (7 bovenplanken 19 hoog) TYPE 3;klos 95 x 90 x 90;3
VDJAGT 1200 x 1000 HT ISPM 15 (7 bovenplanken 19 hoog) TYPE 5;1000 x 98 x 22;5
VDJAGT 1200 x 1000 HT ISPM 15 (7 bovenplanken 19 hoog) TYPE 5;1200 x 98 x 21 INC;3
VDJAGT 1200 x 1000 HT ISPM 15 (7 bovenplanken 19 hoog) TYPE 5;1000 x 98 x 17 ;7
VDJAGT 1200 x 1000 HT ISPM 15 (7 bovenplanken 19 hoog) TYPE 5;spaan 90 x 135 x 95;6
VDJAGT 1200 x 1000 HT ISPM 15 (7 bovenplanken 19 hoog) TYPE 5;spaan 90 x 90 x 95;3
VDJAGT 1200 x 1000 HT ISPM15 (9 bovenplanken 20 hoog) TYPE 1;1000 x 98 x 17 ;9
VDJAGT 1200 x 1000 HT ISPM15 (9 bovenplanken 20 hoog) TYPE 1;1200 x 98 x 20 ;3
VDJAGT 1200 x 1000 HT ISPM15 (9 bovenplanken 20 hoog) TYPE 1;1000 x 98 x 20 ;5
VDJAGT 1200 x 1000 HT ISPM15 (9 bovenplanken 20 hoog) TYPE 1;klos 90 x 90 x 90;3
VDJAGT 1200 x 1000 HT ISPM15 (9 bovenplanken 20 hoog) TYPE 1;klos 90 x 130 x 90;6
VDPUTTE 1200 x 1000 HT/KD ISPM 15 22 HOOG ;spaan 90 x 135 x 78;9
VDPUTTE 1200 x 1000 HT/KD ISPM 15 22 HOOG ;HT/KD 1200 x 98 x 17 ;7
VDPUTTE 1200 x 1000 HT/KD ISPM 15 22 HOOG ;HT/KD 1200 x 100 x 20 ;3
VDPUTTE 1200 x 1000 HT/KD ISPM 15 22 HOOG ;HT/KD 1000 x 143 x 21;3
VERSTRAETE 1200 x 800 HT/KD ISPM 15 (22 hoog);spaan 75 x 75 x 78;9
VERSTRAETE 1200 x 800 HT/KD ISPM 15 (22 hoog);HT/KD 1200 x 74 x 17 ;10
VERSTRAETE 1200 x 800 HT/KD ISPM 15 (22 hoog);HT/KD 800 x 75 x 17;3
VLONDER ARTECO 1140 x 1140  HT ISPM 15 (35 hoog);1140 x 98 x 17 ;6
VLONDER KANEKA 1140 x 1140 HT/KD ISPM 15;HT/KD 1140 x 98 x 19 ;9
VLONDER KTN 1000 x 1000 KD/HT (35 hoog);HT/KD 1000 x 98 x 17 ;6
VLONDER KTN 1140 x 1140 HT/Kd ISPM 15 (35 hoog);HT/KD 1140 x 98 x 17 ;9
VLONDERS 1200 x 1000 HT/KD ISPM 15 ;HT/KD 1200 x 74 x 17 ;9
VLONDERS 1200 x 1000 HT/KD ISPM 15 ;HT/KD 1000 x 74 x 17 ;1
VLONDERS 1200 x 1000 HT/KD ISPM 15 ;HT/KD 1000 x 98 x 17 ;2
VLONDERS 1200 x 800 HT/KD ISPM 15;HT/KD 800 x 75 x 17;3
VLONDERS 1200 x 800 HT/KD ISPM 15;HT/KD 1200 x 75 x 15;5
VLS1200 x 1200 HT ISPM 15 JV (18 hoog);1200 x 98 x 21 INC;4
VLS1200 x 1200 HT ISPM 15 JV (18 hoog);klos 140 x 140 x 78;9
VLS1200 x 1200 HT ISPM 15 JV (18 hoog);1000 x 145 x 22 ;3
VLS1200 x 1200 HT ISPM 15 JV (18 hoog);1200 x 143 x 21 ;8
VYNCOLITE 1200 x 1000 KD/HT STEMPEL VY GROEN PLANKEN 20 HOOG;spaan 95 x 95 x 78;9
VYNCOLITE 1200 x 1000 KD/HT STEMPEL VY GROEN PLANKEN 20 HOOG;HT/KD 1200 x 100 x 20 ;3
VYNCOLITE 1200 x 1000 KD/HT STEMPEL VY GROEN PLANKEN 20 HOOG;HT/KD 1000 x 98 x 19 ;3
VYNCOLITE 1200 x 1000 KD/HT STEMPEL VY GROEN PLANKEN 20 HOOG;HT/KD 1200 x 98 x 17 ;8
